PLOT_YR,PLOT,YEAR,TRT,BURN17,ACHNATH,ACMI,AGGR,AGHE,AGIN,ALAC,ALAL,ANFL,ANLU,ARABIS,ARAC,ARCO,ARRI,ARSO,ASTERACEAE,BASA,BLSC,BRCA,BRJA,BRTE,CAEU,CAGE,CARU,CATE,CELE,CLPE,CLPU,COLLOMIA,COPA,CREPIS,CROC,CRYPTANTHA,CYFR,DAUN,DECA,DEDA,DELPHINIUM,DODECATHEON,DRVE,ELEL,EPBR,ERHE,ERIGERON,ERIOGONUM,ERNA,FEID,FRAGARIA,GAAP,GAYOPHYTUM,GETR,GUSA,HIERACIUM,HOUM,JUNCUS,JUOC,LELI,LILIACEAE,LIMI,LIRU,LITHOPHRAGMA,LOLE,LOMATIUM,LONU,LUPINUS,MAGR,MAMI,MARE,MENTZELIA,MIGR,MYST,NAVARRETIA,NEPA,NOTR,OLDO,ORUN,OSBE,PENSTEMON,PHCH,PHLOX,PIPO,POACEAE,POBU,PODO,POGL,POPO,POPR,POSE,PSME,PSSP,PUTR,RIBES,ROSA,RUAC,SAXIFRAGACEAE,SCUTELLARIA,SEST,SIOR,SOCA,SYAL,SYMPHORYCARPUS,THALICTRUM,THIN,TRCY,TRDU,TRMA,UNKFORB,VEDU,VUMI,ZIGADENUS
16UB_01,UB1,16,UB,unburned,5,0,0,0,0,2.5,0,0,0,0,0,0,5,0,0,0,0,0,0,3.75,0,0,0,0,2.5,0,0,0,0,0,0,0,0,0,0,0,0,0,0,0,5,0,0,0,0,2.5,0,0,0,0,0,0,0,0,0,0,0,0,0,0,0,0,0,0,0,0,0,0,0,0,0,0,0,0,0,0,0,0,0,0,0,0,0,0,0,0,5,0,0,0,0,0,0,0,0,0,0,0,0,0,0,0,0,0,0,0,3.75,0,0
16UB_02,UB2,16,UB,unburned,0,2.5,0,2.5,0,0,0,0,0,0,0,0,0,0,0,0,0,0,11.25,17.5,0,17.5,0,0,2.5,0,0,0,7.5,0,0,0,0,0,0,0,0,0,0,0,0,0,0,0,0,0,0,0,0,0,0,0,0,0,0,0,0,0,0,0,0,0,0,0,0,0,0,0,0,0,0,0,0,0,0,0,0,0,15,0,0,0,0,0,0,0,10,0,2.5,0,0,0,2.5,0,0,0,0,0,0,0,0,0,0,0,0,0,1.25,0,0
16UB_03,UB3,16,UB,<50,0,0,0,0,0,0,0,0,0,0,0,0,0,0,0,0,0,0,2.5,7.5,0,10,0,0,5,0,0,0,2.5,0,0,0,0,0,0,10,0,0,0,0,0,0,0,2.5,0,5,0,0,0,0,0,0,0,0,15,0,0,0,0,0,0,0,0,5,0,0,0,0,0,0,0,0,0,0,0,0,0,0,22.5,0,0,0,0,0,0,0,12.5,0,0,0,0,0,0,0,0,2.5,0,0,0,0,0,0,0,0,0,0,17.5,0,0
16UB_04,UB4,16,UB,unburned,0,0,0,0,0,0,0,0,0,0,0,0,0,0,0,0,0,0,7.5,11.25,0,10,0,0,0,0,0,0,0,0,0,0,0,0,0,7.5,0,0,0,0,0,0,0,2.5,0,7.5,0,0,0,0,5,0,0,0,5,0,0,0,0,0,0,0,0,0,0,0,0,0,0,0,0,0,0,0,0,0,0,0,7.5,0,0,0,0,0,0,0,5,0,0,0,0,0,0,0,0,0,0,0,0,0,0,0,0,0,0,0,2.5,0,0
16UB_05,UB5,16,UB,<50,25,2.5,2.5,2.5,0,0,0,0,0,0,0,15,0,0,0,0,2.5,0,0,0,0,37.5,2.5,0,0,0,0,0,12.5,0,0,0,0,0,2.5,5,0,0,0,0,0,0,0,2.5,0,0,0,0,0,0,0,2.5,0,0,2.5,0,0,0,0,0,0,0,0,5,0,0,0,0,0,0,0,0,0,0,0,0,0,0,7.5,0,0,0,0,0,0,0,0,0,0,0,0,0,0,0,0,5,0,0,0,0,0,0,0,0,0,0,2.5,0,0
16UB_06,UB6,16,UB,unburned,5,7.5,0,2.5,0,0,0,0,2.5,0,0,0,2.5,0,0,0,0,0,3.75,0,0,7.5,0,0,0,0,0,0,5,0,0,2.5,0,0,0,2.5,0,0,0,0,2.5,0,0,0,0,0,0,0,0,0,0,0,0,0,0,12.5,0,0,0,0,0,0,0,0,0,0,0,0,0,0,0,0,0,0,0,0,0,0,0,0,0,0,0,0,0,0,7.5,10,0,0,0,0,0,0,0,10,0,0,0,0,0,0,0,0,0,0,10,0,0
16UB_07,UB7,16,UB,<50,5,0,0,7.5,0,0,0,0,0,0,0,0,2.5,0,0,0,0,0,1.25,6.25,0,2.5,0,0,0,0,0,0,5,0,0,0,0,0,0,0,0,0,2.5,0,0,0,0,0,0,0,0,0,0,0,0,0,0,0,5,0,0,0,0,0,0,0,0,0,0,0,0,0,0,0,0,0,0,0,0,0,0,0,10,0,0,0,0,0,0,0,5,5,0,0,0,0,0,0,0,10,0,0,0,2.5,0,0,0,0,0,0,5,0,0
16UB_08,UB8,16,UB,unburned,2.5,0,0,0,0,0,0,0,2.5,0,0,0,5,0,0,0,0,0,3.75,0,0,5,0,0,0,0,0,0,2.5,0,0,0,0,0,0,2.5,0,0,0,0,7.5,0,0,0,0,0,0,0,0,0,0,0,0,0,0,0,0,0,0,0,0,0,0,0,0,0,0,0,0,0,0,0,0,0,0,0,0,0,0,0,0,0,0,0,0,0,5,0,0,0,0,0,0,0,0,0,0,0,0,0,0,0,0,0,5,0,5,0,0
16UB_09,UB9,16,UB,>50,5,0,0,0,0,5,0,0,0,0,0,0,7.5,0,0,0,0,0,28.75,18.75,0,0,0,0,0,0,0,0,0,0,0,0,0,0,0,2.5,0,0,0,0,5,0,0,0,0,0,0,0,0,0,0,0,0,0,0,0,0,0,0,0,0,0,2.5,0,0,0,0,0,0,0,0,0,0,0,0,0,0,0,0,0,0,0,0,0,0,0,12.5,0,0,0,0,0,0,0,0,0,0,0,0,0,0,0,0,0,5,0,17.5,0,0
16UB_10,UB10,16,UB,<50,0,0,0,0,0,0,0,0,0,0,0,0,0,0,0,0,0,0,0,0,0,50,7.5,0,0,0,0,2.5,2.5,0,0,0,0,0,0,0,0,0,0,0,0,0,0,0,0,0,0,0,0,0,0,0,0,0,0,0,0,0,0,0,0,0,0,0,0,0,0,0,0,0,0,0,0,0,0,0,0,0,17.5,0,0,0,0,0,0,0,0,67.5,0,0,0,0,0,0,0,0,0,0,0,2.5,0,0,0,0,0,0,0,0,0
16UB_11,UB11,16,UB,unburned,10,0,0,2.5,0,0,0,0,0,0,0,0,0,0,0,0,0,0,0,0,0,12.5,0,0,0,0,0,0,15,0,0,0,0,0,0,10,0,0,0,0,5,0,0,2.5,0,2.5,0,0,0,0,0,0,0,0,20,0,0,0,0,0,0,0,0,0,0,0,0,0,0,0,2.5,0,0,0,0,0,0,0,0,0,0,0,0,0,0,0,2.5,0,0,0,0,0,0,0,0,5,0,0,0,2.5,0,0,0,0,0,0,0,0,0
16UB_12,UB12,16,UB,>50,12.5,0,0,0,0,0,0,0,0,0,0,0,2.5,0,0,0,2.5,0,13.75,16.25,0,0,0,0,0,0,0,2.5,5,0,0,7.5,0,0,0,5,0,0,2.5,2.5,7.5,0,0,0,0,2.5,0,0,0,0,0,0,0,0,17.5,0,0,0,0,0,0,0,0,5,0,0,0,0,0,0,0,0,0,0,0,0,0,0,0,0,0,0,0,0,0,0,20,0,0,0,0,0,0,0,0,0,0,0,0,5,0,0,0,0,0,0,2.5,0,0
16UB_13,UB13,16,UB,unburned,2.5,0,2.5,0,0,0,0,0,0,0,0,0,17.5,0,0,0,0,0,15,0,0,0,0,0,0,0,0,0,10,0,2.5,0,0,0,0,0,0,0,0,0,0,0,0,0,2.5,0,0,0,0,0,0,0,2.5,0,0,2.5,0,0,0,0,0,2.5,2.5,0,0,0,0,0,0,0,0,0,0,0,0,0,0,0,0,0,0,0,0,0,0,0,20,0,0,0,0,0,0,0,0,10,0,0,0,0,0,0,0,0,2.5,0,12.5,0,0
16UB_14,UB14,16,UB,<50,2.5,0,0,0,0,0,0,0,0,0,0,0,0,0,0,0,0,2.5,1.25,10,0,5,0,0,0,0,0,0,7.5,0,0,2.5,0,0,0,0,0,0,0,0,2.5,0,0,0,2.5,2.5,0,0,0,0,0,0,2.5,0,0,0,0,0,0,0,0,0,0,0,0,0,0,0,0,0,10,0,0,0,0,0,0,0,7.5,0,0,0,0,0,0,0,17.5,0,0,0,0,0,0,0,0,2.5,0,0,0,2.5,0,0,0,0,0,0,1.25,0,0
16UB_15,UB15,16,UB,<50,7.5,0,0,0,0,0,0,0,0,0,0,0,0,0,0,0,0,2.5,0,0,0,27.5,0,0,0,0,0,0,10,0,0,0,0,0,0,0,0,0,0,0,2.5,0,0,0,0,0,0,0,0,0,0,0,0,0,17.5,2.5,0,0,0,0,0,0,0,2.5,0,0,0,0,0,0,0,0,0,0,0,0,0,0,12.5,0,0,0,0,0,0,0,2.5,2.5,0,0,0,0,0,0,0,5,0,0,0,2.5,0,0,0,0,0,0,0,0,0
16UB_16,UB16,16,UB,>50,0,0,2.5,2.5,0,10,0,0,0,0,0,0,0,0,0,0,0,0,5,2.5,0,5,5,0,0,0,0,0,10,0,0,0,0,0,0,0,0,0,0,2.5,17.5,0,7.5,0,0,5,0,0,0,0,0,0,2.5,0,0,0,0,0,0,0,0,0,2.5,0,0,0,0,0,0,0,5,0,2.5,0,0,0,0,0,0,0,0,0,0,0,0,0,0,0,0,0,0,0,0,0,0,2.5,0,0,0,0,0,0,0,0,0,0,30,0,0
16UB_17,UB17,16,UB,>50,10,2.5,0,0,0,7.5,0,0,0,0,0,0,0,0,0,0,0,0,2.5,8.75,0,0,5,0,12.5,0,0,0,7.5,0,0,0,0,0,0,0,0,0,0,0,5,0,0,0,0,5,0,0,0,0,0,0,0,0,0,0,0,0,0,0,0,0,0,2.5,0,0,0,0,0,0,0,0,0,0,0,0,0,0,7.5,0,0,0,0,0,0,0,0,0,0,0,0,0,0,0,0,0,0,0,0,0,0,0,0,0,0,0,6.25,0,0
16UB_18,UB18,16,UB,>50,0,0,0,0,0,0,0,0,0,0,0,0,0,0,0,0,0,0,3.75,22.5,0,2.5,2.5,0,0,0,0,0,0,0,0,2.5,0,0,0,0,0,0,0,0,7.5,0,0,2.5,0,0,0,0,0,0,0,0,0,0,15,0,0,0,0,0,0,0,0,0,0,0,0,0,0,0,0,0,0,0,0,0,0,0,12.5,0,0,0,0,0,0,0,7.5,0,7.5,0,0,0,0,0,0,2.5,0,0,0,0,0,0,0,0,0,0,1.25,0,0
16UB_19,UB19,16,UB,unburned,0,0,0,0,0,0,0,0,0,0,0,0,0,0,0,2.5,0,0,0,17.5,0,5,0,0,5,0,0,2.5,7.5,0,0,2.5,0,0,0,5,0,0,2.5,0,7.5,0,0,0,0,0,0,2.5,0,0,0,0,0,0,0,0,0,0,0,0,0,0,0,0,0,0,0,0,0,0,0,0,0,0,0,0,0,0,0,0,0,0,0,0,0,0,2.5,0,0,0,0,0,0,0,0,2.5,0,0,0,5,0,0,0,0,0,0,13.75,0,0
16UB_20,UB20,16,UB,>50,2.5,2.5,0,2.5,0,0,0,0,0,0,0,0,0,0,0,0,0,0,1.25,0,0,7.5,0,0,2.5,0,0,0,7.5,0,0,0,0,0,0,0,0,0,0,0,10,0,0,5,0,0,0,0,0,0,0,0,0,0,0,0,0,0,0,0,0,0,0,0,0,0,0,0,0,0,0,0,0,0,0,0,0,0,0,0,0,0,0,0,0,0,5,0,0,0,0,0,0,0,0,2.5,0,0,0,2.5,0,0,0,0,0,0,31.25,0,0
16UB_21,UB21,16,UB,unburned,0,0,0,0,0,0,0,0,0,0,0,0,0,0,0,0,0,0,0,3.75,0,0,0,0,0,0,0,0,2.5,0,0,0,0,0,0,0,0,0,0,0,0,0,0,2.5,2.5,0,0,0,0,0,0,0,0,0,0,0,0,0,0,0,0,2.5,0,0,0,0,0,0,0,0,0,0,0,0,0,0,0,0,2.5,0,0,0,0,0,0,0,10,0,0,0,0,0,0,0,0,2.5,0,0,0,0,0,0,0,0,2.5,0,0,0,0
16UB_22,UB23,16,UB,>50,17.5,5,0,0,0,0,0,0,0,0,0,30,0,0,0,0,0,0,6.25,3.75,2.5,22.5,12.5,0,0,0,0,0,7.5,0,0,0,0,0,0,0,0,0,0,0,0,0,0,0,0,0,2.5,0,0,0,0,0,0,0,0,0,0,0,0,0,2.5,0,0,7.5,0,0,0,0,0,0,0,0,0,2.5,0,5,0,0,0,0,0,0,0,0,0,0,0,0,0,0,0,0,0,0,0,0,0,0,0,0,0,0,0,0,2.5,0,8.75,0,0
16UB_23,UB22,16,UB,>50,0,2.5,0,0,0,0,0,0,0,0,0,0,0,5,0,0,0,0,0,0,0,7.5,2.5,0,0,0,0,0,0,0,0,5,0,0,0,0,2.5,0,0,5,7.5,0,0,2.5,0,2.5,0,5,0,5,0,0,0,0,0,0,0,0,0,0,0,0,0,0,0,0,0,0,0,0,0,0,2.5,0,0,0,0,0,0,0,0,0,0,0,0,0,12.5,0,7.5,5,0,0,0,0,0,2.5,0,0,0,5,0,0,0,0,0,0,0,0,0
16UB_24,UB24,16,UB,unburned,22.5,5,0,0,0,0,0,0,0,0,0,0,0,0,0,0,0,0,0,0,0,17.5,0,0,0,0,0,0,17.5,0,0,0,0,0,0,0,0,0,0,2.5,2.5,0,15,0,0,5,0,0,0,0,0,0,0,0,0,5,0,0,0,0,0,0,0,2.5,2.5,0,0,0,0,0,0,0,0,0,0,0,0,0,0,0,0,0,0,0,0,0,0,0,0,0,0,0,0,0,0,2.5,0,0,0,2.5,0,0,0,0,0,0,0,0,0
16UB_25,UB25,16,UB,>50,2.5,7.5,2.5,0,0,0,0,0,0,0,0,10,0,0,0,0,0,0,0,0,0,25,0,0,0,0,0,0,7.5,0,2.5,0,0,0,0,0,0,0,0,0,0,0,0,0,0,2.5,0,0,0,0,0,0,0,0,0,0,0,0,2.5,0,0,0,0,15,0,0,0,0,0,0,0,0,5,0,0,0,0,0,0,0,0,0,0,0,0,0,0,0,0,0,0,0,0,0,0,2.5,0,0,0,0,0,0,0,0,0,0,0,0,0
16UB_26,UB26,16,UB,<50,2.5,2.5,5,0,0,0,0,0,0,0,0,5,0,0,0,0,0,5,0,0,0,50,5,0,0,0,0,0,12.5,0,0,0,0,0,0,0,0,0,0,0,0,0,2.5,0,0,0,2.5,0,0,0,0,7.5,0,0,0,0,0,0,0,0,0,0,0,2.5,0,0,0,0,0,0,0,0,0,0,0,0,0,0,2.5,0,0,0,0,0,0,0,0,0,0,0,0,0,0,0,0,0,0,0,0,2.5,0,0,0,0,0,0,0,0,0
16UBC_01,UBC1,16,UBC,c_unburned,0,0,0,0,0,0,0,0,0,0,0,0,0,0,0,0,2.5,0,0,0,0,0,0,0,0,0,0,0,5,0,0,0,0,0,0,0,0,0,0,2.5,17.5,0,0,0,0,0,0,0,0,0,0,0,0,0,0,0,0,0,0,0,0,0,0,0,0,0,0,0,0,0,0,0,0,0,0,0,0,0,0,0,0,0,0,0,0,0,17.5,0,0,0,0,0,0,0,0,0,0,0,0,0,0,0,0,0,2.5,0,15,0,0
16UBC_02,UBC2,16,UBC,c_unburned,0,0,0,0,0,0,0,0,0,0,0,0,0,0,0,0,0,0,16.25,16.25,0,10,0,0,0,0,0,0,2.5,0,0,0,0,0,0,0,0,0,0,0,10,0,0,0,0,0,0,0,0,0,0,0,0,0,0,0,0,0,0,0,0,0,0,0,0,0,0,0,0,0,0,0,0,0,0,0,0,0,5,0,0,0,0,0,0,0,0,0,0,0,2.5,2.5,0,0,0,0,0,0,0,2.5,0,0,0,0,0,0,10,0,0
16UBC_03,UBC3,16,UBC,c_unburned,0,0,0,0,0,0,0,0,0,0,0,0,2.5,0,0,0,2.5,0,6.25,1.25,0,0,0,0,0,0,0,0,2.5,0,0,0,0,0,0,2.5,0,0,0,0,0,0,2.5,0,0,0,0,0,0,0,0,0,0,0,0,0,0,0,0,0,0,0,0,0,0,0,0,0,0,0,0,0,0,0,0,0,0,0,0,0,0,0,0,0,0,0,0,0,0,0,0,0,0,0,0,5,0,0,0,0,0,0,0,0,0,0,5,0,0
16UBC_04,UBC4,16,UBC,c_unburned,0,0,0,0,0,2.5,0,0,0,0,0,0,0,0,0,0,0,0,3.75,3.75,0,0,0,0,5,0,0,0,0,0,0,2.5,0,0,0,7.5,0,0,2.5,2.5,7.5,0,0,0,0,0,0,0,0,0,0,0,0,0,5,2.5,0,0,0,0,0,0,0,0,0,0,0,0,0,0,0,0,0,0,0,0,0,0,0,0,0,0,0,0,0,0,7.5,0,0,0,0,0,0,0,0,2.5,0,0,0,0,0,0,0,0,0,0,15,0,0
16UBC_05,UBC5,16,UBC,c_unburned,15,0,0,0,0,0,0,0,5,0,0,2.5,0,0,0,0,0,0,0,0,0,10,0,0,0,0,0,2.5,0,0,0,0,0,0,0,0,0,0,0,0,0,0,0,0,0,7.5,5,0,0,0,0,0,0,0,5,2.5,0,0,0,0,0,0,0,0,0,0,0,0,0,0,0,0,0,0,0,0,0,0,15,0,0,0,0,0,0,0,0,0,0,0,0,2.5,0,0,0,0,0,0,0,2.5,0,0,0,0,0,0,0,0,0
16UBC_06,UBC6,16,UBC,c_unburned,0,0,0,0,0,2.5,0,0,0,0,0,0,0,0,0,0,0,0,6.25,5,0,0,0,0,0,0,0,0,0,0,0,2.5,0,0,0,0,0,0,0,0,5,0,0,0,0,0,0,0,0,0,0,0,0,0,2.5,0,0,0,0,0,0,2.5,0,0,0,0,0,0,0,0,0,0,0,0,0,0,0,2.5,0,0,0,0,0,0,0,0,17.5,0,0,0,0,0,0,0,0,2.5,0,0,0,0,0,0,0,0,0,0,3.75,0,0
16UBC_07,UBC7,16,UBC,c_unburned,2.5,0,0,0,0,0,0,0,12.5,0,0,0,0,0,0,0,2.5,0,1.25,6.25,0,10,0,0,0,0,0,0,7.5,0,0,0,0,0,0,2.5,0,0,0,0,12.5,0,0,0,0,2.5,0,0,0,0,0,0,0,0,20,0,0,0,0,0,0,0,0,0,0,0,0,0,0,0,0,0,0,0,0,0,0,0,15,0,0,0,0,0,0,0,17.5,0,0,0,0,0,0,0,0,0,0,0,0,0,0,0,0,0,0,0,13.75,0,0
16UBC_08,UBC8,16,UBC,c_unburned,5,0,0,0,0,0,0,0,0,0,0,0,0,0,0,0,0,0,0,0,0,0,0,0,0,0,0,0,0,0,0,0,0,0,0,7.5,0,0,0,2.5,0,0,0,0,0,0,0,0,0,0,0,0,0,0,0,0,0,0,0,0,0,0,0,0,0,0,0,0,0,0,0,0,0,0,0,0,0,0,7.5,0,0,0,0,0,0,0,7.5,0,0,0,0,0,0,0,0,0,0,0,0,0,0,0,0,0,0,0,2.5,0,0
16UBC_09,UBC9,16,UBC,c_unburned,7.5,2.5,0,5,0,0,0,0,0,0,0,0,0,0,0,0,0,0,0,2.5,0,5,0,0,0,0,0,0,7.5,0,0,0,0,0,0,5,2.5,0,0,2.5,5,0,0,5,0,2.5,0,0,0,0,0,0,0,0,0,5,0,0,0,0,0,0,0,0,0,0,0,0,0,0,0,0,0,0,0,0,0,0,5,0,0,0,0,0,0,0,2.5,5,0,0,0,0,0,0,0,0,0,0,0,0,0,0,0,0,0,0,2.5,0,0
16UBC_10,UBC10,16,UBC,c_unburned,7.5,0,0,0,0,0,0,0,0,0,0,0,0,2.5,0,0,0,0,0,0,0,7.5,0,0,2.5,0,0,0,2.5,0,0,0,0,0,0,0,0,0,0,0,12.5,0,0,0,0,2.5,0,0,0,0,0,0,0,0,0,0,0,0,0,0,0,0,0,0,0,0,0,0,0,0,0,0,0,0,0,0,0,0,0,0,0,0,0,0,0,0,5,7.5,0,0,0,0,0,0,0,5,0,0,0,0,0,0,0,0,0,0,5,0,0
16UBC_11,UBC11,16,UBC,c_unburned,0,2.5,0,0,0,0,0,0,0,0,0,0,0,0,0,0,0,0,2.5,2.5,0,0,0,0,2.5,0,0,0,2.5,0,0,0,0,0,0,5,0,0,0,2.5,10,0,0,0,0,0,0,0,0,0,0,0,0,0,0,5,0,0,0,0,0,0,0,0,0,0,0,0,0,0,0,0,0,0,0,0,0,0,5,0,0,0,0,0,0,0,5,10,0,0,0,0,0,0,0,2.5,0,0,0,0,0,0,0,0,0,0,21.25,0,0
18UB_01,UB1,18,UB,unburned,5,0,0,0,0,0,0,0,0,0,0,0,2.5,0,0,0,2.5,0,0,1.25,0,0,0,0,7.5,0,0,0,2.5,0,0,0,0,0,0,0,0,0,0,0,17.5,0,0,0,0,0,0,0,0,0,0,0,0,0,0,0,0,0,0,0,0,0,0,0,0,0,0,0,0,0,0,0,0,0,0,0,0,0,0,0,0,0,0,0,0,0,7.5,0,0,0,0,0,0,0,0,0,0,0,0,0,0,0,0,0,0,0,16.25,0,0
18UB_02,UB2,18,UB,unburned,0,2.5,0,2.5,7.5,0,0,0,0,0,0,0,0,0,0,0,0,0,10,11.25,0,10,0,0,2.5,0,0,0,7.5,0,0,0,0,0,0,0,0,0,0,0,5,0,0,0,0,0,0,0,0,0,0,0,0,0,0,0,0,0,0,0,0,0,0,0,0,0,0,0,0,0,0,0,0,0,0,0,0,0,0,17.5,0,0,0,0,0,0,15,0,2.5,0,0,0,0,0,0,0,2.5,0,0,0,0,0,0,0,0,0,3.75,7.5,0
18UB_03,UB3,18,UB,<50,0,0,0,2.5,0,0,0,0,0,0,0,0,0,0,0,0,0,0,0,3.75,0,0,0,0,2.5,0,0,0,2.5,0,0,0,0,7.5,0,0,0,0,0,0,5,0,0,0,0,0,0,0,0,0,0,0,0,0,12.5,0,0,0,0,0,0,0,0,0,0,0,0,0,0,0,0,0,0,0,0,0,0,0,0,25,0,0,0,0,0,0,12.5,0,2.5,0,0,0,0,0,0,0,0,0,0,0,0,0,0,0,0,0,23.75,0,0
18UB_04,UB4,18,UB,unburned,0,0,0,0,0,0,0,0,0,0,0,0,0,0,10,2.5,0,0,12.5,20,0,2.5,0,0,0,0,0,0,5,0,0,0,2.5,2.5,0,0,0,0,2.5,0,0,0,0,0,0,0,0,0,0,0,0,0,0,0,2.5,0,0,0,0,0,0,0,0,0,0,0,0,0,0,0,0,0,0,0,0,0,0,0,0,10,0,0,0,0,0,0,12.5,0,12.5,0,0,0,0,0,0,0,0,0,0,0,0,0,0,0,0,0,17.5,0,0
18UB_05,UB5,18,UB,<50,25,5,0,0,0,0,0,0,0,0,0,0,0,0,0,0,0,0,0,0,0,22.5,0,0,0,0,0,0,0,0,0,0,0,0,0,0,0,0,0,0,2.5,0,0,0,0,0,0,0,0,0,0,0,0,0,2.5,0,0,0,0,0,0,0,0,0,0,0,0,0,2.5,0,0,0,0,0,0,0,0,0,0,7.5,0,0,0,2.5,0,0,12.5,0,0,0,0,0,0,0,0,0,0,0,0,0,0,0,0,0,0,0,2.5,0,0
18UB_06,UB6,18,UB,unburned,5,5,0,2.5,0,2.5,0,0,0,0,0,0,2.5,0,0,0,0,0,3.75,0,0,2.5,0,0,0,0,0,0,10,0,0,0,0,0,0,0,0,0,0,0,10,0,0,0,0,2.5,0,0,0,0,0,0,0,0,0,5,0,0,0,2.5,0,0,0,0,0,0,0,0,0,0,0,0,0,0,0,0,0,0,0,0,0,0,0,0,0,0,2.5,12.5,0,0,0,0,0,0,0,2.5,0,0,0,0,0,0,0,0,0,0,16.25,0,0
18UB_07,UB7,18,UB,<50,5,0,0,2.5,0,2.5,0,0,0,0,0,0,5,0,0,0,0,0,1.25,3.75,0,0,0,0,0,0,0,0,2.5,0,0,0,0,0,0,0,0,0,2.5,0,5,0,0,0,0,0,0,0,0,0,0,0,0,0,5,0,0,0,0,0,0,0,0,0,0,0,0,0,2.5,0,0,0,0,0,0,0,0,0,0,10,0,0,2.5,0,0,0,10,12.5,0,0,0,0,0,0,0,2.5,0,0,0,0,0,0,0,0,0,0,22.5,0,0
18UB_08,UB8,18,UB,unburned,2.5,0,0,0,0,0,0,0,0,0,0,0,7.5,0,0,0,0,0,2.5,1.25,0,5,0,0,0,0,0,0,0,0,0,0,0,2.5,0,0,0,0,0,0,10,0,0,0,0,0,0,0,0,0,0,0,0,0,0,0,0,0,0,0,0,0,0,0,0,0,0,0,0,0,0,0,0,0,0,0,0,0,0,0,0,0,2.5,0,0,0,0,0,0,0,0,0,0,0,0,0,0,0,2.5,0,0,0,0,0,2.5,0,12.5,0,0
18UB_09,UB9,18,UB,>50,5,0,0,0,0,2.5,2.5,0,0,0,0,0,0,0,0,0,0,0,3.75,6.25,0,0,0,0,0,0,0,0,0,0,0,0,0,0,0,0,0,2.5,5,0,7.5,0,0,0,0,0,0,0,0,0,0,0,0,0,0,0,0,0,0,0,0,0,0,0,0,0,0,0,5,2.5,0,0,0,0,0,0,0,0,0,0,0,0,0,0,0,0,20,0,0,0,0,0,0,0,0,0,0,0,0,0,0,0,0,0,0,0,53.75,0,0
18UB_10,UB10,18,UB,<50,0,0,0,0,0,0,0,0,0,0,0,0,0,0,0,0,0,0,0,0,0,35,0,0,0,0,0,2.5,0,0,0,0,0,0,0,0,0,0,0,0,0,0,0,0,0,0,0,0,0,0,0,0,0,0,0,0,0,0,0,0,0,0,0,0,0,0,0,0,0,0,0,0,0,0,0,0,0,0,0,20,0,0,0,0,0,2.5,0,72.5,0,0,0,0,0,0,0,0,0,0,0,0,0,0,0,0,0,0,0,0,0
18UB_11,UB11,18,UB,unburned,10,0,0,2.5,0,0,0,0,0,0,0,0,0,0,0,2.5,0,0,3.75,1.25,0,2.5,0,0,0,0,0,0,7.5,0,0,0,0,5,0,0,0,0,0,0,7.5,0,0,0,0,0,0,0,0,0,0,0,0,0,25,0,0,0,0,0,0,0,0,0,0,0,0,0,0,0,0,0,0,0,0,0,0,0,2.5,0,0,0,0,0,0,0,12.5,0,2.5,0,0,0,0,0,0,15,0,0,0,0,0,0,0,0,0,0,1.25,0,0
18UB_12,UB12,18,UB,>50,12.5,2.5,0,10,0,2.5,0,0,0,0,0,0,2.5,0,0,0,0,0,17.5,6.25,0,0,0,0,0,0,0,0,0,0,0,0,0,0,0,0,0,0,0,0,20,0,0,0,0,2.5,0,0,0,0,0,0,0,0,2.5,0,0,0,0,0,0,0,0,0,5,0,0,0,2.5,2.5,0,0,0,0,0,0,0,0,0,0,0,0,0,0,0,0,17.5,0,0,0,0,0,0,0,0,0,0,0,0,0,0,0,0,0,0,0,10,0,0
18UB_13,UB13,18,UB,unburned,2.5,0,0,2.5,0,0,0,0,0,0,0,0,17.5,0,0,0,0,0,7.5,0,0,0,0,0,0,0,0,0,2.5,0,0,0,0,0,0,0,2.5,0,0,0,5,0,0,0,0,0,0,2.5,0,0,0,0,0,0,17.5,0,0,0,0,0,2.5,0,0,0,0,0,0,0,2.5,2.5,0,0,0,0,0,0,0,0,0,0,0,0,0,0,0,0,30,0,0,0,0,0,0,0,0,2.5,0,0,0,0,0,0,0,0,0,0,15,0,0
18UB_14,UB14,18,UB,<50,2.5,0,0,5,0,0,0,0,0,0,0,0,0,0,0,0,0,0,0,8.75,0,0,0,0,0,0,0,0,2.5,0,0,2.5,0,2.5,0,0,0,0,2.5,0,15,0,0,0,0,0,0,0,0,0,0,0,0,0,0,2.5,0,0,0,0,0,0,2.5,0,0,0,0,0,5,0,0,0,0,0,0,0,0,0,2.5,7.5,0,0,0,0,0,0,17.5,0,5,0,0,0,0,0,0,0,0,0,0,0,0,0,0,0,0,0,1.25,0,0
18UB_15,UB15,18,UB,<50,7.5,5,0,0,0,0,0,0,0,0,0,0,0,0,0,0,0,0,0,0,0,17.5,0,0,0,0,0,0,5,0,0,0,0,0,0,0,0,0,0,0,5,0,0,0,0,0,0,0,0,0,0,0,0,0,25,0,0,0,0,0,0,0,0,0,0,0,0,0,0,0,0,0,0,0,0,0,0,0,0,7.5,0,0,0,0,0,2.5,5,0,0,0,0,0,0,0,0,7.5,0,0,0,0,0,0,0,0,0,0,1.25,0,0
18UB_16,UB16,18,UB,>50,0,0,0,0,0,0,0,0,0,0,0,0,0,0,0,0,0,0,2.5,5,0,5,0,0,0,0,0,0,5,2.5,0,0,0,0,0,0,0,0,0,0,5,0,0,0,0,0,0,0,0,0,0,0,0,0,0,0,0,0,0,0,0,0,2.5,0,2.5,0,0,0,2.5,0,2.5,0,0,0,0,0,0,0,0,10,0,0,5,0,0,0,12.5,0,0,0,0,0,0,0,0,0,0,0,0,0,0,0,0,0,0,0,21.25,0,0
18UB_17,UB17,18,UB,>50,10,0,0,2.5,0,2.5,0,0,0,0,0,0,0,0,0,7.5,0,0,7.5,3.75,0,0,0,0,7.5,0,0,0,10,0,0,0,0,0,0,0,0,0,0,0,0,0,0,0,2.5,0,0,0,5,0,0,0,0,0,0,0,0,0,0,0,0,0,0,0,0,0,0,0,0,0,0,0,0,0,0,0,0,0,0,0,0,0,0,0,0,0,7.5,0,0,0,0,0,0,0,0,7.5,0,0,0,0,0,0,0,0,0,0,1.25,0,0
18UB_18,UB18,18,UB,>50,0,0,0,0,0,0,0,0,0,0,0,0,0,0,0,0,0,0,2.5,11.25,0,0,0,0,0,0,0,0,2.5,0,0,0,0,0,0,0,0,0,0,0,2.5,0,0,0,0,0,0,0,0,0,0,0,0,0,0,0,0,0,0,0,0,0,0,0,0,0,0,0,0,0,0,0,0,0,0,0,0,0,0,22.5,0,0,0,0,0,0,10,0,0,0,0,0,0,0,0,2.5,0,0,0,0,0,0,0,0,0,0,7.5,0,0
18UB_19,UB19,18,UB,unburned,0,2.5,0,2.5,0,0,0,0,0,0,0,0,0,0,0,2.5,0,0,0,8.75,0,2.5,0,0,0,0,0,0,2.5,0,0,0,0,5,0,0,0,0,0,2.5,5,0,0,0,0,0,0,0,10,0,0,0,0,0,2.5,0,0,0,0,0,0,0,0,0,5,0,0,0,10,2.5,0,0,0,0,0,0,0,0,2.5,5,0,0,2.5,0,0,0,7.5,12.5,5,0,0,0,0,0,0,2.5,0,0,0,0,0,0,0,2.5,0,2.5,27.5,0,0
18UB_20,UB20,18,UB,>50,2.5,2.5,0,2.5,0,0,0,0,0,0,0,0,0,0,0,0,0,0,2.5,1.25,0,10,0,0,5,0,0,0,0,0,0,0,0,2.5,0,0,0,0,0,0,7.5,0,0,0,0,0,0,0,0,0,0,0,2.5,0,0,0,0,0,0,0,0,0,0,0,0,0,0,0,0,0,0,0,0,0,0,0,2.5,0,0,5,0,0,10,0,0,0,12.5,0,0,0,0,0,0,0,0,2.5,0,0,0,0,0,0,0,0,0,0,40,0,0
18UB_21,UB21,18,UB,unburned,0,0,0,0,0,0,0,0,0,0,0,0,2.5,0,0,0,0,0,5,1.25,0,0,0,0,0,0,0,0,0,0,0,0,0,0,0,0,0,0,0,0,7.5,0,0,2.5,0,0,0,0,0,0,0,0,0,0,0,0,0,0,0,0,0,5,0,0,0,0,0,0,0,0,0,0,0,0,0,0,2.5,0,0,5,0,0,0,0,0,0,15,0,0,0,0,0,0,0,0,0,0,0,0,0,0,0,0,0,2.5,0,0,0,0
18UB_22,UB22,18,UB,>50,0,0,0,0,0,0,0,0,0,0,0,12.5,0,0,0,0,0,0,0,0,0,15,2.5,0,0,2.5,0,5,0,0,0,0,0,2.5,0,0,0,0,0,0,2.5,0,0,0,0,0,0,0,0,0,0,0,0,0,2.5,0,0,0,0,0,0,0,0,2.5,0,0,0,0,0,0,0,2.5,0,0,0,0,0,0,0,42.5,0,0,0,2.5,2.5,0,0,7.5,0,0,0,0,0,0,0,5,0,0,0,2.5,2.5,0,0,0,0,0,0,0,0
18UB_23,UB23,18,UB,>50,17.5,5,0,0,0,0,0,0,0,0,0,2.5,0,2.5,0,0,0,5,11.25,17.5,0,15,0,0,2.5,0,0,0,12.5,2.5,0,0,0,0,0,0,0,0,0,2.5,15,0,0,0,0,0,0,2.5,0,2.5,0,0,0,0,0,0,0,0,0,0,0,0,2.5,0,22.5,0,0,0,2.5,0,0,0,0,0,0,0,0,0,0,25,0,0,0,2.5,0,0,10,0,2.5,0,0,0,0,0,0,0,0,0,0,2.5,0,0,0,0,0,0,10,0,0
18UB_24,UB24,18,UB,unburned,22.5,2.5,0,0,0,0,0,0,2.5,0,0,0,0,0,0,0,0,0,0,0,0,25,0,0,25,0,0,0,7.5,2.5,0,0,0,0,0,0,0,0,0,0,5,10,0,0,0,0,0,0,0,0,0,0,0,0,0,20,0,0,0,0,0,0,0,0,2.5,0,0,0,0,0,0,0,0,0,0,0,0,0,0,0,0,0,22.5,5,0,0,10,0,0,0,0,0,0,0,0,2.5,0,0,0,2.5,0,0,0,0,0,0,0,0,0
18UB_25,UB25,18,UB,>50,2.5,0,0,0,0,0,0,0,0,0,0,25,0,0,0,0,0,2.5,0,0,0,30,2.5,0,0,0,0,0,15,5,0,0,0,0,0,0,0,0,0,0,5,0,0,0,0,0,0,2.5,0,0,0,0,0,0,0,0,0,0,0,0,0,0,2.5,27.5,0,0,0,0,0,0,0,0,0,0,0,0,0,0,0,22.5,7.5,0,0,0,0,10,5,30,0,0,0,0,0,0,0,0,0,0,0,0,0,0,0,0,0,0,0,0,0
18UB_26,UB26,18,UB,<50,2.5,0,0,0,0,0,0,0,5,0,0,5,0,0,2.5,0,0,2.5,0,0,0,60,12.5,0,0,0,0,0,10,5,0,0,0,0,0,0,0,0,0,0,0,0,0,0,0,0,7.5,0,0,0,0,0,0,0,0,0,0,0,0,0,0,0,0,2.5,0,0,15,0,2.5,0,0,0,0,0,0,0,0,0,0,17.5,0,0,0,0,0,5,0,0,0,0,0,0,0,0,0,0,0,0,0,0,0,0,0,0,0,0,0,0,0
18UBC_01,UBC1,18,UBC,c_unburned,0,0,0,0,0,0,0,0,0,0,0,0,0,0,0,0,15,0,0,0,0,0,0,0,0,0,0,0,2.5,0,0,0,0,0,0,0,0,0,0,0,50,0,0,0,0,0,0,0,0,0,0,0,0,0,0,0,0,0,0,0,0,2.5,0,0,0,0,0,0,0,0,0,0,0,0,0,0,0,0,0,0,0,0,2.5,0,0,0,22.5,0,0,0,0,0,0,0,0,0,0,0,0,0,0,0,0,0,10,0,48.75,0,0
18UBC_02,UBC2,18,UBC,c_unburned,0,5,0,2.5,1.25,0,0,0,0,0,0,0,0,0,0,0,2.5,0,16.25,25,0,10,0,0,0,0,0,0,7.5,0,0,0,0,0,0,0,0,0,0,0,17.5,0,0,0,0,0,0,0,0,0,0,0,0,0,0,0,0,0,0,0,0,0,0,0,0,0,2.5,0,2.5,0,0,0,0,0,0,0,0,0,0,5,2.5,0,0,0,0,7.5,0,0,0,0,0,5,0,0,0,0,0,0,0,5,0,0,0,0,0,0,36.25,0,0
18UBC_03,UBC3,18,UBC,c_unburned,0,0,0,0,0,0,0,0,0,0,0,0,5,0,0,0,12.5,0,3.75,0,0,0,0,0,0,0,0,0,0,0,0,0,0,0,0,0,0,0,0,0,5,0,0,0,0,0,0,0,0,0,0,0,0,0,0,0,0,0,0,0,0,0,0,0,0,0,0,0,2.5,0,0,0,0,2.5,0,0,0,0,0,0,0,0,0,0,0,0,5,0,0,0,0,0,0,0,0,2.5,0,0,0,0,0,0,0,0,0,0,17.5,0,0
18UBC_04,UBC4,18,UBC,c_unburned,0,0,0,0,0,0,0,0,2.5,0,0,0,0,0,0,0,0,0,2.5,3.75,0,0,0,0,7.5,0,0,0,0,0,0,0,0,2.5,0,0,0,0,0,0,7.5,0,2.5,0,0,0,0,0,0,0,0,0,0,0,7.5,0,0,0,0,0,0,0,0,0,0,0,0,0,0,0,0,0,0,0,2.5,0,0,0,0,2.5,0,0,5,0,0,0,20,0,7.5,0,0,0,0,0,0,5,0,0,0,0,0,0,0,0,0,0,35,0,0
18UBC_05,UBC5,18,UBC,c_unburned,15,2.5,0,7.5,0,0,0,0,5,0,0,2.5,0,0,0,0,0,0,0,0,0,30,0,0,0,0,0,0,5,2.5,0,0,0,2.5,0,0,0,0,0,7.5,0,0,0,0,0,0,2.5,0,0,0,0,2.5,0,0,7.5,0,0,0,0,0,0,0,0,0,2.5,0,0,0,0,0,0,0,0,0,0,0,2.5,0,0,22.5,0,0,2.5,0,0,0,10,0,0,0,0,5,0,0,0,2.5,0,0,0,0,0,0,0,0,0,0,0,0,0
18UBC_06,UBC6,18,UBC,c_unburned,0,0,0,2.5,0,0,0,0,0,0,0,0,0,0,0,0,0,0,7.5,5,0,0,0,0,0,0,0,0,2.5,0,0,0,0,0,0,0,0,0,2.5,0,12.5,0,0,0,0,0,0,0,0,0,0,0,0,0,5,0,0,0,0,0,0,0,0,0,5,0,0,0,0,0,0,0,0,0,0,0,0,2.5,7.5,0,0,0,0,0,0,0,17.5,0,2.5,0,0,0,0,0,0,2.5,0,0,0,0,0,0,0,0,0,0,10,0,0
18UBC_07,UBC7,18,UBC,c_unburned,2.5,0,0,2.5,0,0,0,0,12.5,0,0,0,0,0,0,0,0,0,0,13.75,0,7.5,0,0,0,0,0,0,2.5,0,0,0,0,5,0,0,0,0,0,2.5,17.5,0,0,0,0,0,0,0,0,0,0,0,0,0,20,0,0,0,0,0,0,0,0,0,0,0,0,0,0,0,0,0,0,0,0,0,0,0,0,20,0,0,2.5,0,0,0,5,0,2.5,0,0,0,0,0,0,5,0,0,0,0,0,0,0,0,0,0,45,0,0
18UBC_08,UBC8,18,UBC,c_unburned,5,0,0,0,0,0,0,2.5,0,0,0,0,0,0,0,0,0,0,0,0,0,0,0,0,0,0,0,0,5,0,0,0,0,0,0,0,0,0,0,0,2.5,0,0,0,0,0,0,0,0,0,0,0,0,0,0,0,0,0,0,0,0,0,0,0,0,0,0,0,2.5,0,0,0,0,0,0,0,0,0,0,7.5,0,0,0,0,0,0,17.5,0,2.5,0,0,0,0,0,0,2.5,0,0,0,0,0,0,0,0,0,0,3.75,0,0
18UBC_09,UBC9,18,UBC,c_unburned,7.5,0,0,10,0,0,0,0,5,0,0,0,0,0,0,0,0,0,2.5,1.25,0,2.5,2.5,0,0,2.5,0,0,5,0,0,0,0,10,0,0,0,0,5,0,17.5,0,0,0,0,0,0,0,0,0,0,0,0,0,0,0,0,0,0,0,0,0,0,0,5,0,0,0,0,0,0,0,0,0,0,0,0,0,0,5,0,0,0,0,2.5,0,7.5,5,0,0,0,0,0,0,0,5,0,0,0,0,0,0,0,0,0,0,13.75,0,0
18UBC_10,UBC10,18,UBC,c_unburned,7.5,0,0,2.5,0,0,0,0,2.5,0,0,0,0,0,0,0,0,0,0,0,0,2.5,0,0,0,0,0,0,2.5,0,0,0,0,2.5,0,0,0,0,2.5,0,10,0,0,0,0,0,0,0,0,0,0,0,0,0,0,0,0,0,0,0,0,0,0,0,0,0,0,0,5,0,0,0,0,0,0,0,0,0,0,0,0,0,5,0,0,0,0,7.5,0,0,0,0,0,0,0,7.5,0,0,0,0,0,0,0,0,0,0,12.5,0,0
18UBC_11,UBC11,18,UBC,c_unburned,0,2.5,0,2.5,0,0,0,0,0,0,0,0,0,0,0,0,0,0,0,3.75,0,0,0,0,0,0,0,0,2.5,0,0,0,0,12.5,0,0,0,0,0,2.5,7.5,0,0,0,0,0,0,0,0,0,0,0,0,0,0,10,0,0,0,0,0,0,0,0,0,2.5,0,0,2.5,0,0,0,0,0,0,0,0,0,0,10,0,0,10,0,0,0,12.5,7.5,0,0,0,0,0,0,0,5,0,0,0,0,0,0,0,0,0,0,36.25,0,0
19UB_01,UB1,19,UB,unburned,2.5,0,0,5,0,0,0,0,0,0,0,0,2.5,0,0,0,0,0,5,1.25,0,0,0,0,10,0,0,0,0,0,0,0,0,0,0,0,0,0,0,2.5,10,0,0,0,0,0,0,0,0,0,0,0,0,0,0,0,0,0,0,0,0,0,0,0,2.5,0,0,0,0,0,0,0,0,0,0,0,0,0,0,0,0,0,0,0,0,0,25,0,2.5,0,0,0,0,0,0,0,0,0,0,0,0,0,0,0,2.5,0,17.5,0,0
19UB_02,UB2,19,UB,unburned,5,2.5,0,12.5,2.5,0,0,0,0,0,0,0,0,0,0,0,0,0,33.75,31.25,0,15,0,0,0,0,0,0,2.5,0,0,0,0,0,0,0,0,0,0,0,2.5,0,0,0,0,0,0,0,0,0,0,0,0,0,0,0,0,0,0,0,0,0,0,5,2.5,0,0,0,0,0,0,0,0,0,0,0,0,0,0,25,0,0,5,5,0,0,0,0,0,0,0,0,0,0,0,0,0,0,0,0,0,2.5,0,0,0,0,6.25,2.5,0
19UB_03,UB3,19,UB,<50,10,2.5,0,0,0,0,0,0,0,0,0,0,0,0,0,0,0,0,0,10,0,7.5,0,0,2.5,0,2.5,0,5,0,0,0,0,10,0,0,0,0,0,2.5,0,0,2.5,0,0,0,0,0,0,0,0,0,0,0,12.5,0,0,0,0,0,0,0,0,0,0,0,0,0,0,0,0,0,0,0,0,0,0,0,0,25,0,0,0,0,0,0,7.5,0,2.5,0,0,0,0,0,0,0,0,0,0,0,0,0,0,0,0,0,28.75,0,0
19UB_04,UB4,19,UB,unburned,2.5,0,0,0,0,0,0,0,0,0,0,0,0,0,10,5,0,0,13.75,18.75,0,0,0,0,0,0,0,0,0,0,0,0,0,5,0,0,0,0,0,0,0,0,0,0,0,0,0,0,0,0,0,0,0,0,10,0,0,0,0,0,0,0,0,0,0,0,0,0,0,0,0,0,0,0,0,0,0,0,0,10,0,0,0,0,0,0,15,0,12.5,0,0,0,0,0,0,0,0,0,0,0,0,0,0,0,0,0,11.25,0,0
19UB_05,UB5,19,UB,<50,40,15,0,0,0,0,0,0,2.5,0,0,10,0,0,0,0,0,0,0,0,0,35,15,0,0,0,0,0,0,2.5,0,0,0,2.5,0,0,0,0,0,0,0,0,0,0,0,0,0,0,0,0,0,0,0,0,0,0,0,0,0,0,0,0,0,20,0,0,0,0,0,0,0,0,0,0,0,0,0,0,0,10,0,0,0,5,0,0,0,2.5,0,0,0,0,0,0,5,7.5,0,0,0,0,0,0,0,0,0,0,0,0,0
19UB_06,UB6,19,UB,unburned,7.5,0,0,7.5,0,0,0,0,0,0,0,0,0,0,0,0,0,0,20,0,0,5,0,0,0,0,0,0,5,0,0,0,0,7.5,0,0,0,0,0,2.5,2.5,0,0,0,0,0,0,0,0,0,0,0,0,0,0,20,0,0,0,0,0,0,0,0,12.5,0,0,0,0,0,0,0,0,0,0,0,0,0,0,0,0,0,5,0,2.5,0,2.5,12.5,0,0,0,0,0,0,0,5,0,0,0,0,0,0,0,0,0,0,22.5,0,0
19UB_07,UB7,19,UB,<50,5,0,0,0,0,0,0,0,0,0,0,0,5,0,0,0,0,0,2.5,10,0,0,0,0,0,0,2.5,0,2.5,0,0,0,0,2.5,0,0,0,0,0,2.5,10,0,0,0,0,0,0,0,0,0,0,0,0,0,2.5,0,0,0,0,0,0,0,0,0,0,0,0,0,0,0,0,0,0,0,0,0,0,0,0,15,2.5,0,0,0,0,0,20,10,0,0,0,0,0,0,0,2.5,0,0,0,0,0,0,0,0,0,0,13.75,0,0
19UB_08,UB8,19,UB,unburned,5,0,0,0,0,0,0,0,0,0,0,0,12.5,0,0,0,0,0,1.25,0,0,7.5,0,0,0,0,0,0,0,0,0,0,0,0,0,0,0,0,0,2.5,10,0,0,0,0,0,0,0,0,0,0,0,0,0,0,0,0,0,0,0,0,0,0,0,0,0,0,0,0,0,0,0,0,0,0,0,0,0,0,0,0,0,2.5,0,0,0,10,0,0,0,0,0,0,0,0,2.5,0,0,2.5,0,0,0,0,0,2.5,0,3.75,0,0
19UB_09,UB9,19,UB,>50,12.5,0,0,0,0,0,0,0,0,0,0,0,0,0,0,0,0,0,21.25,11.25,0,0,0,0,0,0,0,0,5,0,0,0,0,0,0,0,0,0,0,0,17.5,0,0,0,0,0,0,0,0,0,0,0,0,0,0,0,0,0,0,0,0,0,7.5,0,0,0,0,0,5,0,0,0,0,0,0,0,0,0,0,0,0,2.5,0,0,0,0,32.5,0,2.5,0,0,0,0,0,0,0,0,0,0,0,0,0,0,0,5,0,55,0,0
19UB_10,UB10,19,UB,<50,2.5,0,0,0,0,0,0,0,0,0,0,2.5,0,0,0,0,0,0,3.75,2.5,0,17.5,37.5,0,0,0,0,2.5,2.5,0,0,0,0,0,0,0,0,0,0,0,2.5,0,0,0,0,0,0,0,0,0,0,0,0,0,0,0,0,0,0,0,0,0,0,0,0,0,0,0,0,0,0,0,0,0,0,0,0,0,0,17.5,2.5,0,0,0,0,0,0,77.5,0,0,0,0,0,0,0,0,0,0,0,0,0,0,0,0,0,0,0,0,0
19UB_11,UB11,19,UB,unburned,12.5,0,0,2.5,0,0,0,0,2.5,0,2.5,0,0,0,0,5,0,0,3.75,0,0,2.5,0,0,0,0,0,0,5,2.5,0,0,0,2.5,0,0,0,0,0,0,0,0,0,0,0,0,0,0,0,0,0,0,0,0,22.5,0,0,0,0,0,0,0,0,0,0,0,0,0,0,0,0,0,0,0,0,0,0,0,0,0,2.5,0,0,0,0,0,20,0,5,0,0,0,0,0,0,10,0,0,0,0,0,0,0,0,0,0,0,0,0
19UB_12,UB12,19,UB,>50,10,2.5,0,5,0,0,0,0,0,0,2.5,0,2.5,0,0,2.5,0,0,35,11.25,0,0,0,0,0,0,0,0,7.5,2.5,0,0,0,2.5,0,0,0,0,0,2.5,5,0,0,0,0,0,0,0,0,0,0,0,0,0,2.5,0,0,0,0,0,0,0,0,0,12.5,0,0,2.5,5,0,0,2.5,0,0,0,0,0,0,0,0,0,0,0,0,0,0,20,0,2.5,0,0,0,0,0,0,0,0,0,0,0,0,0,0,0,0,0,15,0,0
19UB_13,UB13,19,UB,unburned,2.5,0,0,0,0,0,0,0,0,0,0,0,10,0,0,0,0,0,12.5,1.25,0,0,0,0,0,0,0,0,5,0,0,0,0,2.5,0,0,0,0,0,0,2.5,0,0,0,0,0,0,0,0,0,0,0,0,0,17.5,2.5,0,0,0,0,0,0,0,0,0,0,0,0,0,0,0,0,0,0,0,0,0,0,0,0,0,0,0,0,0,0,32.5,0,0,0,0,0,0,0,0,0,0,0,0,0,0,0,0,0,2.5,0,8.75,0,0
19UB_14,UB14,19,UB,<50,0,0,0,2.5,0,0,0,2.5,0,0,0,0,0,0,0,0,0,0,5,8.75,0,0,0,0,0,0,0,0,0,0,0,0,0,2.5,0,0,0,0,0,0,2.5,0,0,0,0,0,0,0,0,0,0,0,0,0,0,2.5,0,2.5,0,0,0,0,0,0,0,0,0,0,0,0,0,0,0,0,0,0,0,0,0,7.5,0,0,0,0,0,0,17.5,0,2.5,0,0,0,0,0,0,2.5,0,0,5,0,0,0,0,0,0,0,0,0,0
19UB_15,UB15,19,UB,<50,10,2.5,0,0,0,0,0,0,0,0,0,0,0,0,0,0,0,0,1.25,2.5,0,17.5,0,0,0,0,0,0,5,0,0,0,0,0,0,0,0,0,0,0,2.5,0,0,0,0,0,0,0,0,0,0,0,0,0,25,0,0,0,0,0,0,0,0,2.5,0,0,0,0,7.5,0,0,0,0,0,0,0,0,0,0,5,0,0,0,0,0,0,12.5,0,2.5,0,0,0,0,0,0,0,0,0,0,0,0,0,0,0,0,0,0,0,0
19UB_16,UB16,19,UB,>50,0,0,0,10,0,7.5,0,0,0,0,2.5,0,0,0,0,0,0,0,5,8.75,0,2.5,0,0,0,0,0,0,0,0,0,0,0,5,0,0,0,0,0,0,12.5,0,0,0,0,0,0,5,0,0,0,0,0,2.5,0,0,0,0,0,0,0,0,0,0,2.5,0,0,0,0,0,0,0,0,0,0,0,0,0,0,12.5,0,0,7.5,0,2.5,0,35,0,2.5,0,0,0,0,0,0,0,0,0,0,0,0,0,0,0,0,0,28.75,0,0
19UB_17,UB17,19,UB,>50,5,0,0,0,0,2.5,0,0,0,0,0,0,0,0,0,5,0,0,10,5,0,0,0,0,7.5,0,0,0,10,0,0,0,0,0,0,0,0,0,0,0,2.5,0,0,0,2.5,0,0,2.5,2.5,0,0,0,0,0,0,0,0,0,0,0,0,0,0,0,0,0,0,0,0,0,0,0,0,0,0,0,0,0,0,0,0,0,0,0,0,0,7.5,0,0,0,0,0,0,0,0,2.5,0,0,0,0,0,0,0,0,0,0,0,0,0
19UB_18,UB18,19,UB,>50,2.5,0,2.5,0,0,0,0,0,0,0,0,0,0,0,0,0,0,0,2.5,20,0,0,0,0,0,0,0,0,2.5,0,0,0,0,2.5,0,0,0,0,0,0,0,0,0,0,0,0,0,0,0,0,0,0,0,0,2.5,0,0,0,0,0,0,0,0,0,0,0,0,0,0,0,0,0,0,0,0,0,0,0,0,27.5,0,0,0,0,0,0,7.5,0,2.5,0,0,0,0,0,0,5,0,0,0,0,0,0,0,0,0,0,7.5,0,0
19UB_19,UB19,19,UB,unburned,7.5,0,0,0,0,0,0,0,0,0,0,0,0,0,0,0,0,0,1.25,13.75,0,2.5,0,0,0,0,0,0,5,0,0,0,0,2.5,0,0,0,0,0,0,5,0,0,0,0,0,0,0,0,0,0,0,0,0,0,0,0,0,0,0,0,0,0,0,5,0,0,0,2.5,0,0,0,0,0,0,0,0,0,0,5,0,0,0,0,0,0,17.5,15,0,0,0,0,0,0,0,0,0,0,0,0,0,0,0,0,0,0,13.75,0,0
19UB_20,UB20,19,UB,>50,10,0,0,5,0,0,0,0,0,0,0,0,0,0,0,0,0,0,3.75,3.75,0,5,0,2.5,2.5,0,0,0,2.5,0,0,0,0,0,0,0,0,0,0,0,10,0,0,0,0,0,0,0,0,0,0,0,0,0,0,0,0,0,0,0,0,0,0,2.5,0,0,0,0,2.5,0,0,0,0,0,0,0,0,0,0,5,0,2.5,0,0,0,0,10,0,0,0,0,0,0,2.5,0,0,0,0,0,0,0,0,0,0,0,0,45,0,0
19UB_21,UB21,19,UB,unburned,0,0,0,0,0,0,0,0,0,0,0,0,2.5,0,0,0,0,0,1.25,1.25,0,0,0,0,0,0,0,0,0,0,0,0,0,0,0,0,0,0,0,0,0,0,0,2.5,0,0,0,0,0,0,0,0,0,0,0,0,2.5,0,0,0,0,5,0,0,0,0,0,0,0,0,0,0,0,0,0,0,0,0,2.5,5,0,0,0,0,0,0,20,0,0,0,0,0,0,0,0,2.5,0,0,0,0,0,0,0,0,2.5,0,0,0,0
19UB_22,UB22,19,UB,>50,2.5,2.5,0,0,0,0,0,0,0,0,0,25,0,0,2.5,0,0,5,0,0,0,10,7.5,0,0,0,0,0,0,0,0,0,0,0,0,0,0,0,0,0,0,0,0,0,0,0,0,0,2.5,0,0,0,0,0,5,0,0,0,0,0,0,0,0,0,0,0,0,0,0,0,0,2.5,0,0,0,0,0,0,0,52.5,0,0,0,2.5,0,0,0,12.5,0,0,0,0,0,0,0,0,0,0,2.5,0,0,0,0,0,0,0,0,0,0
19UB_23,UB23,19,UB,>50,7.5,5,0,0,0,0,0,0,0,2.5,0,0,0,0,0,0,0,0,16.25,16.25,0,15,0,0,2.5,0,0,0,0,0,0,0,0,0,0,0,0,0,0,0,7.5,0,0,0,0,0,0,2.5,0,2.5,0,0,0,0,0,0,0,0,0,0,0,0,0,0,17.5,0,0,0,0,0,0,0,0,0,0,0,0,0,0,20,0,0,2.5,0,0,0,12.5,0,7.5,2.5,0,0,0,0,0,0,0,0,2.5,0,0,0,0,0,0,0,8.75,0,0
19UB_24,UB24,19,UB,unburned,12.5,0,0,2.5,0,0,0,0,2.5,0,0,0,0,0,0,0,0,2.5,1.25,0,0,22.5,0,0,15,0,0,0,0,0,0,0,0,0,0,0,0,0,0,2.5,0,7.5,0,0,0,0,0,2.5,0,0,0,0,0,0,0,12.5,0,0,0,0,0,0,0,0,5,0,0,0,2.5,0,0,0,0,0,0,0,0,0,0,0,0,0,15,0,0,0,2.5,0,0,0,0,0,0,0,0,0,0,0,2.5,0,0,0,0,0,0,0,0,0,0
19UB_25,UB25,19,UB,>50,0,2.5,0,0,0,0,0,0,0,0,0,22.5,0,0,0,0,0,5,0,0,0,22.5,7.5,0,0,0,0,0,5,0,0,0,0,0,0,0,0,0,0,0,2.5,0,0,0,0,0,0,0,0,0,0,0,0,0,0,0,0,0,0,0,0,0,0,10,0,0,2.5,0,0,0,0,0,0,0,0,0,0,0,0,27.5,7.5,0,0,0,0,0,0,25,0,0,0,0,0,0,0,5,0,0,0,0,0,0,0,0,0,0,0,0,0
19UB_26,UB26,19,UB,<50,7.5,2.5,0,0,0,0,0,0,0,0,0,0,0,0,2.5,0,0,0,0,0,0,20,37.5,0,0,0,0,0,0,0,0,0,0,0,0,0,0,0,0,0,0,0,0,0,0,0,0,0,0,0,0,2.5,0,0,0,0,0,0,0,0,0,0,0,2.5,0,0,5,0,0,0,0,0,0,0,0,0,0,0,0,20,0,0,0,0,0,0,0,0,0,0,0,0,0,0,0,0,0,2.5,0,0,0,0,0,0,0,0,0,0,0
19UBC_01,UBC1,19,UBC,c_unburned,0,0,0,0,0,0,0,0,0,0,0,0,0,0,0,0,5,0,1.25,0,0,0,0,0,0,0,0,0,0,0,0,0,0,0,0,0,0,0,0,0,22.5,0,0,0,0,0,0,0,0,0,0,0,0,0,0,0,0,0,0,0,0,0,0,0,0,0,0,0,0,0,0,0,0,0,0,0,0,0,0,0,0,0,2.5,0,0,0,22.5,0,0,0,0,0,0,0,0,0,0,0,0,0,0,0,0,0,12.5,0,33.75,0,0
19UBC_02,UBC2,19,UBC,c_unburned,2.5,0,0,0,1.25,0,0,0,0,0,0,2.5,0,0,0,0,2.5,0,37.5,22.5,0,10,0,0,0,0,0,0,0,0,0,0,0,0,0,0,0,0,0,0,7.5,0,0,0,0,0,0,0,0,0,0,0,0,0,0,0,0,0,0,0,0,0,0,0,0,0,0,0,0,0,0,0,0,0,0,0,0,0,0,5,5,0,2.5,0,0,0,0,0,0,0,0,5,0,0,0,0,0,0,2.5,0,0,0,0,0,0,0,21.25,0,0
19UBC_03,UBC3,19,UBC,c_unburned,0,0,0,0,0,0,0,2.5,0,0,0,0,5,0,0,0,15,0,6.25,0,0,0,0,0,0,0,0,0,0,0,0,0,0,0,0,0,0,0,0,2.5,5,0,2.5,0,0,0,0,0,0,0,0,0,0,0,0,0,0,0,0,0,0,0,0,0,0,0,0,0,0,0,0,0,0,0,0,0,0,0,2.5,0,0,0,0,0,0,0,20,0,0,0,0,0,0,0,0,2.5,0,0,0,0,0,0,0,0,2.5,0,16.25,0,0
19UBC_04,UBC4,19,UBC,c_unburned,0,0,0,0,0,0,0,0,0,0,0,0,0,0,0,0,0,0,7.5,3.75,0,0,0,0,7.5,0,0,0,0,0,0,0,0,5,0,0,0,0,0,0,2.5,0,2.5,0,0,0,0,0,0,0,0,0,0,0,7.5,5,0,0,0,0,0,0,2.5,0,0,0,0,0,0,0,2.5,0,0,0,0,0,0,0,0,2.5,0,0,0,0,0,0,22.5,0,10,0,0,0,0,0,0,5,0,0,0,0,0,0,0,0,0,0,55,0,0
19UBC_05,UBC5,19,UBC,c_unburned,2.5,5,0,2.5,0,0,0,0,5,0,0,2.5,0,0,0,0,0,0,0,0,0,20,0,0,0,0,0,0,0,0,0,0,0,0,0,7.5,0,0,0,0,0,0,0,0,0,0,2.5,0,0,0,0,0,0,0,0,2.5,0,0,0,0,0,0,0,2.5,0,0,0,0,0,0,0,0,0,0,0,0,0,0,0,15,0,0,0,0,0,0,7.5,0,0,0,0,0,0,0,0,0,0,0,0,0,0,2.5,2.5,0,0,0,0,0,0
19UBC_06,UBC6,19,UBC,c_unburned,0,0,0,0,0,0,0,0,0,0,0,0,0,0,0,0,0,0,21.25,8.75,0,0,0,0,0,0,0,0,0,0,0,0,0,2.5,0,0,0,0,0,0,2.5,0,0,0,0,0,0,0,0,0,0,0,0,0,0,0,0,0,0,0,0,0,0,0,0,0,0,0,0,0,0,0,0,0,0,0,0,2.5,2.5,0,0,0,0,0,0,0,25,0,2.5,0,0,0,0,0,0,0,0,0,0,0,0,0,0,0,0,0,10,0,0
19UBC_07,UBC7,19,UBC,c_unburned,0,0,0,0,0,0,0,0,17.5,0,0,0,0,0,0,0,0,0,6.25,15,0,10,0,0,0,0,0,0,0,0,0,0,0,12.5,0,0,0,0,0,2.5,2.5,2.5,0,0,0,0,0,0,0,0,0,0,0,0,27.5,0,0,0,0,0,0,0,2.5,0,0,0,0,0,0,0,0,0,0,0,0,0,0,0,0,12.5,0,0,2.5,0,0,0,27.5,0,0,0,0,0,0,0,0,5,0,0,0,0,0,0,0,0,0,0,36.25,0,0
19UBC_08,UBC8,19,UBC,c_unburned,0,0,0,0,0,0,0,5,0,0,0,0,0,0,0,0,0,0,0,0,0,0,0,0,0,0,0,0,0,0,0,0,0,2.5,0,0,0,0,0,0,2.5,0,0,0,0,0,0,0,0,0,0,0,0,0,0,0,0,0,0,0,0,0,0,0,0,0,0,0,0,0,0,0,0,0,0,0,0,0,5,7.5,0,0,0,0,0,0,22.5,0,0,0,0,0,0,0,0,2.5,0,0,0,0,0,0,0,0,0,0,5,0,0
19UBC_09,UBC9,19,UBC,c_unburned,12.5,2.5,0,2.5,0,2.5,0,2.5,2.5,0,0,0,0,0,0,0,0,0,2.5,0,0,5,2.5,0,0,0,0,0,0,2.5,0,0,0,10,0,0,0,0,0,2.5,2.5,0,0,0,0,0,0,0,0,0,0,0,0,0,0,0,0,0,0,0,0,0,0,0,0,0,0,0,2.5,0,0,0,0,0,0,0,0,0,0,10,0,0,0,0,0,0,27.5,5,0,0,0,0,0,0,0,5,0,0,0,0,0,0,0,0,0,0,10,0,0
19UBC_10,UBC10,19,UBC,c_unburned,10,0,0,0,0,0,0,0,0,0,0,2.5,0,0,0,0,0,0,0,0,0,5,2.5,0,0,0,0,0,0,0,0,0,0,2.5,0,0,0,0,0,2.5,2.5,0,0,0,0,0,0,0,0,0,0,0,0,0,0,0,0,0,0,0,0,0,0,0,0,0,0,0,2.5,0,0,0,0,0,0,0,0,0,0,0,0,0,2.5,0,2.5,0,5,10,0,0,0,0,0,0,0,12.5,0,0,0,0,0,0,0,0,0,0,16.25,0,0
19UBC_11,UBC11,19,UBC,c_unburned,2.5,2.5,0,0,0,0,0,0,0,0,0,0,0,0,0,0,0,0,6.25,5,0,0,0,0,0,0,0,0,0,0,0,0,0,5,0,0,0,0,0,2.5,0,0,0,0,0,0,0,0,0,0,0,0,0,0,0,10,0,0,0,0,0,0,0,0,7.5,0,0,0,0,0,0,0,0,0,0,0,0,0,2.5,12.5,0,0,0,0,2.5,0,10,10,0,0,0,0,0,0,0,0,0,0,0,0,0,0,0,0,0,0,32.5,0,0
20UB_01,UB1,20,UB,unburned,0,0,0,0,0,0,0,0,0,0,0,0,2.5,0,0,0,2.5,0,13.75,6.25,0,0,0,0,7.5,0,0,0,0,0,0,0,0,0,0,0,0,0,0,2.5,7.5,0,0,0,0,0,0,0,0,0,0,0,0,0,0,0,0,0,0,0,0,0,0,0,0,0,0,0,0,0,0,0,0,0,0,0,0,2.5,0,0,0,0,0,0,0,0,17.5,0,0,0,0,0,0,0,0,0,0,0,0,0,0,0,0,0,0,0,22.5,0,0
20UB_02,UB2,20,UB,unburned,10,5,0,2.5,0,0,0,0,0,0,0,0,0,0,2.5,0,0,0,58.75,32.5,0,15,0,0,2.5,0,0,0,2.5,0,0,0,0,0,0,0,0,0,0,0,0,0,0,0,0,0,0,0,0,0,0,0,0,0,0,0,0,0,0,0,0,0,0,5,0,0,0,0,0,0,0,0,0,0,0,0,0,0,0,7.5,0,0,0,0,0,5,15,0,0,0,0,0,0,0,0,0,0,0,0,0,0,0,0,0,0,0,6.25,2.5,0
20UB_03,UB3,20,UB,<50,10,2.5,0,0,0,0,0,0,2.5,0,0,0,0,0,0,0,0,0,1.25,13.75,0,5,2.5,0,0,0,0,0,2.5,0,0,0,0,5,0,0,0,0,2.5,0,2.5,0,0,0,0,0,0,0,0,0,0,0,0,0,10,0,0,0,0,0,0,0,0,0,0,2.5,0,0,0,0,0,0,0,0,0,0,0,0,0,22.5,0,0,0,0,0,0,0,0,5,0,0,0,0,0,0,5,0,0,0,0,0,0,0,0,0,0,32.5,0,0
20UB_04,UB4,20,UB,unburned,0,0,0,0,0,0,0,0,0,0,0,0,0,0,5,2.5,0,0,17.5,32.5,0,5,0,0,0,0,0,0,0,0,0,0,0,0,0,0,0,0,0,0,0,0,0,0,0,0,0,0,0,0,0,0,0,0,5,0,0,0,0,0,0,0,0,0,0,0,0,0,0,0,0,0,0,0,0,0,0,0,0,10,0,0,0,0,0,0,22.5,0,20,0,0,0,0,0,0,0,0,0,0,0,0,0,0,0,0,0,11.25,0,0
20UB_05,UB5,20,UB,<50,25,15,0,2.5,0,0,0,0,0,0,0,17.5,0,0,0,0,0,0,0,0,2.5,25,2.5,0,0,0,0,0,0,2.5,0,0,0,0,0,0,0,0,2.5,0,0,0,0,0,0,0,0,0,0,0,0,0,0,0,0,0,0,0,0,0,0,0,0,12.5,0,0,0,0,5,0,0,0,0,0,0,0,0,0,0,5,15,0,0,7.5,0,2.5,0,0,5,0,0,0,0,0,2.5,5,0,0,0,0,0,0,0,0,0,0,0,0,0
20UB_06,UB6,20,UB,unburned,7.5,2.5,0,5,0,0,0,0,0,0,0,0,0,0,0,0,0,0,15,0,0,5,0,0,0,0,0,0,0,0,0,0,0,17.5,0,0,0,0,0,0,0,0,2.5,0,0,0,0,0,0,0,0,0,0,0,0,7.5,0,0,0,0,0,0,0,0,2.5,2.5,0,0,2.5,0,0,0,0,0,0,0,0,0,0,0,0,0,0,0,0,5,7.5,10,2.5,0,0,0,0,0,0,0,0,0,0,0,0,0,0,0,0,0,31.25,0,0
20UB_07,UB7,20,UB,<50,5,0,0,0,0,0,0,0,0,0,0,0,2.5,0,0,0,0,0,7.5,12.5,0,0,0,0,0,0,0,0,2.5,2.5,0,0,0,5,0,0,0,0,0,0,0,0,0,0,0,0,0,0,0,0,0,0,0,0,0,0,0,0,0,0,0,0,0,0,0,0,0,0,0,0,0,0,0,2.5,0,0,0,0,0,7.5,0,0,0,0,0,2.5,10,7.5,0,0,0,0,0,0,0,2.5,0,0,0,0,0,0,0,0,0,0,32.5,0,0
20UB_08,UB8,20,UB,unburned,10,0,0,5,0,0,0,0,0,0,0,0,7.5,0,0,0,0,0,2.5,0,0,7.5,0,0,0,0,0,0,0,0,0,0,0,0,0,0,0,0,0,0,10,0,0,2.5,0,0,0,0,0,0,0,0,0,0,0,0,0,0,0,0,0,0,0,2.5,0,0,0,0,0,0,0,0,0,0,0,0,0,0,0,0,0,0,2.5,0,0,0,17.5,0,0,0,0,0,0,0,0,0,0,0,0,0,0,0,0,0,0,0,27.5,0,0
20UB_09,UB9,20,UB,>50,12.5,0,0,2.5,0,0,0,0,0,0,0,0,0,0,0,0,0,0,45,43.75,0,0,0,0,0,0,0,0,0,0,0,0,0,0,0,0,0,0,0,0,0,0,0,0,0,0,0,0,0,0,0,0,0,0,0,0,0,0,0,0,0,0,5,0,0,0,0,0,0,0,0,0,0,0,0,0,0,0,0,0,0,0,0,0,0,0,35,0,0,0,0,0,0,0,0,0,0,0,0,0,0,0,0,0,7.5,0,61.25,0,0
20UB_10,UB10,20,UB,<50,2.5,2.5,0,0,0,0,0,0,0,0,0,0,0,2.5,0,0,0,0,3.75,10,0,30,5,0,0,0,0,0,10,0,0,0,0,0,0,0,0,0,0,0,0,0,0,0,0,0,0,0,0,0,0,0,0,0,0,0,0,0,0,0,0,0,0,0,0,0,0,0,0,0,0,0,0,0,0,0,0,0,0,17.5,5,0,0,0,0,5,0,67.5,0,0,0,0,0,0,0,0,0,0,0,0,0,0,0,0,0,0,0,0,0
20UB_11,UB11,20,UB,unburned,7.5,2.5,0,0,0,0,0,0,2.5,0,0,0,2.5,0,0,5,0,0,3.75,2.5,0,2.5,0,0,0,0,0,0,0,0,0,0,0,10,0,0,0,0,0,2.5,0,0,2.5,0,0,0,0,0,0,0,0,0,0,0,20,0,0,0,0,0,0,0,0,2.5,0,0,0,0,0,0,0,0,0,0,0,0,0,0,2.5,0,0,0,0,0,0,7.5,20,0,5,0,0,0,0,0,0,5,0,0,0,0,0,0,0,0,0,0,0,0,0
20UB_12,UB12,20,UB,>50,5,2.5,0,0,0,0,0,0,0,0,0,0,2.5,0,0,0,0,0,43.75,18.75,0,0,0,0,0,0,0,0,5,0,0,0,0,5,0,0,0,0,0,0,5,0,0,0,0,0,0,0,0,0,0,0,0,0,2.5,0,0,0,0,0,0,0,0,2.5,2.5,2.5,0,2.5,0,2.5,0,0,0,0,0,0,0,0,0,0,0,0,0,0,0,2.5,30,0,0,0,0,0,0,0,0,0,0,0,0,0,0,0,0,0,0,0,22.5,0,2.5
20UB_13,UB13,20,UB,unburned,7.5,0,0,2.5,0,0,0,0,2.5,0,0,0,10,0,0,0,0,0,20,7.5,0,0,0,0,0,0,0,0,0,0,0,0,0,0,0,0,0,0,0,0,2.5,0,0,0,0,0,0,0,0,0,0,0,0,0,12.5,0,0,0,0,0,0,0,5,0,0,0,0,0,0,0,0,0,0,0,0,0,0,0,0,0,2.5,0,0,0,0,0,32.5,0,0,0,0,0,0,0,0,0,0,0,0,0,0,0,0,0,10,0,20,0,0
20UB_14,UB14,20,UB,<50,2.5,0,0,0,0,0,0,0,0,0,0,0,0,0,0,0,0,0,10,11.25,0,0,0,0,0,0,0,0,0,0,0,0,0,0,0,0,0,0,0,0,0,0,0,0,0,0,0,0,0,0,0,0,0,0,0,2.5,0,0,0,0,0,0,0,0,0,0,0,0,2.5,0,0,0,0,0,0,0,0,0,0,7.5,0,0,0,0,0,0,15,0,0,0,0,0,0,0,0,7.5,0,0,2.5,0,0,0,0,0,0,0,1.25,0,0
20UB_15,UB15,20,UB,<50,7.5,2.5,0,0,0,0,0,0,2.5,0,0,0,0,0,0,0,0,0,0,2.5,0,10,0,0,0,0,0,0,12.5,2.5,0,0,0,0,0,0,0,0,0,0,0,0,0,0,0,0,0,0,0,0,0,0,0,0,15,0,0,0,0,2.5,0,0,0,0,0,0,0,0,0,0,0,0,0,0,0,0,0,0,0,2.5,20,0,0,0,0,0,7.5,0,0,0,0,0,0,0,0,15,0,0,0,0,0,0,0,0,0,0,1.25,0,0
20UB_16,UB16,20,UB,>50,2.5,0,0,7.5,0,0,0,0,0,0,0,0,0,0,0,0,0,0,15,2.5,0,10,0,0,0,2.5,0,0,5,0,0,0,0,12.5,0,0,0,0,0,0,12.5,0,0,0,0,0,0,0,0,0,0,0,0,0,0,0,0,0,0,0,0,0,5,0,5,0,0,0,0,0,0,0,0,0,0,0,0,0,5,12.5,0,0,0,0,0,0,22.5,0,0,0,0,0,0,0,0,0,0,0,0,0,0,0,0,0,0,0,56.25,0,0
20UB_17,UB17,20,UB,>50,17.5,0,0,5,0,0,0,0,0,0,0,0,0,0,0,2.5,0,0,25,21.25,0,0,0,0,5,0,0,0,7.5,0,0,0,0,0,0,0,0,0,0,0,0,0,0,0,0,0,0,0,0,0,0,0,0,0,0,0,0,0,0,0,0,0,0,0,0,0,0,0,2.5,2.5,0,0,0,0,0,0,0,0,0,0,0,0,0,0,0,0,2.5,0,0,0,0,0,0,0,0,0,0,0,0,0,0,0,0,0,0,0,0,0,0
20UB_18,UB18,20,UB,>50,0,0,0,0,0,0,0,0,0,0,0,0,0,0,0,0,0,0,11.25,25,0,0,0,0,0,0,0,0,0,0,0,0,0,5,0,0,0,0,0,0,5,0,0,2.5,0,0,0,0,0,0,0,0,0,0,0,0,0,0,0,0,0,0,0,0,0,0,0,0,0,0,0,0,0,0,0,0,0,0,0,17.5,0,0,0,0,0,2.5,12.5,0,5,0,0,0,0,0,0,0,0,0,0,0,0,0,0,0,0,0,6.25,0,0
20UB_19,UB19,20,UB,unburned,5,0,0,2.5,0,0,0,0,0,0,0,0,0,0,0,2.5,0,0,0,26.25,0,2.5,0,0,0,0,0,0,5,0,0,0,0,5,0,0,0,0,0,0,2.5,0,0,0,0,0,0,0,0,0,0,0,0,0,0,0,0,0,0,0,0,0,0,0,7.5,0,0,0,0,0,0,0,0,0,0,0,0,0,2.5,2.5,0,0,0,0,0,0,12.5,12.5,2.5,0,0,0,0,0,0,0,0,0,0,0,0,0,0,0,0,0,31.25,0,0
20UB_20,UB20,20,UB,>50,2.5,2.5,0,2.5,0,0,0,0,0,0,0,2.5,0,0,0,0,0,0,13.75,12.5,0,12.5,0,2.5,0,0,0,0,2.5,0,0,0,0,0,0,0,0,0,0,0,5,0,0,0,0,0,0,0,0,0,0,0,0,0,0,0,0,0,0,0,0,0,0,2.5,2.5,2.5,0,0,5,0,0,0,0,0,0,0,0,0,0,5,0,0,0,0,0,0,2.5,0,0,0,0,0,0,0,0,2.5,0,0,0,0,0,0,0,0,0,0,45,0,0
20UB_21,UB21,20,UB,unburned,0,0,0,0,0,0,0,0,0,0,0,0,0,0,0,0,0,0,8.75,2.5,0,0,0,0,0,0,0,0,0,0,0,0,0,2.5,0,0,0,0,0,0,0,0,0,2.5,0,0,0,0,0,0,0,0,0,0,0,0,0,0,0,0,0,0,0,0,0,0,0,0,0,0,0,0,0,0,0,0,0,0,2.5,5,0,0,0,0,0,0,5,0,0,0,0,0,0,0,0,0,0,0,0,0,0,0,0,0,2.5,0,0,0,0
20UB_22,UB22,20,UB,>50,0,2.5,0,0,0,0,0,0,0,0,0,25,0,0,2.5,0,0,2.5,0,0,0,15,2.5,0,0,0,0,0,5,0,0,0,0,0,0,0,0,0,0,0,2.5,0,0,0,0,0,0,2.5,0,0,0,0,0,0,2.5,0,0,0,0,0,0,0,0,0,0,0,0,0,0,0,0,0,0,0,0,0,0,0,0,32.5,0,0,0,0,0,0,0,10,0,0,0,0,0,0,0,0,0,0,2.5,0,2.5,0,0,0,0,0,0,0,0
20UB_23,UB23,20,UB,>50,5,5,0,0,0,0,0,0,0,0,0,0,0,0,0,0,0,0,28.75,28.75,0,12.5,0,0,0,0,0,0,0,0,0,0,0,0,0,0,0,0,0,2.5,5,0,0,0,0,0,0,0,0,5,0,0,0,0,0,0,0,0,0,0,0,0,0,0,12.5,2.5,0,0,0,0,0,0,0,0,0,0,0,0,0,15,0,0,0,2.5,0,0,15,0,5,2.5,0,0,0,0,0,0,0,0,5,0,0,0,0,0,0,0,10,0,0
20UB_24,UB24,20,UB,unburned,10,2.5,0,2.5,0,0,0,0,7.5,0,0,0,0,0,0,0,0,0,8.75,0,0,12.5,0,0,7.5,0,0,0,2.5,0,0,0,0,0,0,0,0,0,0,0,12.5,10,0,0,0,0,0,0,0,0,0,0,0,0,0,12.5,0,0,0,0,0,0,0,0,7.5,0,0,0,2.5,0,0,0,0,0,0,0,0,0,0,0,0,0,10,0,0,2.5,10,0,0,0,0,0,0,0,0,0,0,0,2.5,0,0,0,0,0,0,0,0,0,0
20UB_25,UB25,20,UB,>50,2.5,0,0,0,0,0,0,0,2.5,0,0,20,0,0,0,0,0,0,0,0,0,17.5,5,0,0,0,0,2.5,5,0,0,0,0,0,0,0,0,0,0,0,2.5,0,0,0,0,0,0,0,0,0,0,0,0,0,0,0,0,0,0,0,0,0,0,12.5,2.5,0,0,0,5,0,0,0,0,0,0,0,0,0,0,17.5,2.5,0,0,0,0,15,2.5,10,0,0,0,0,0,0,0,0,0,0,0,0,0,0,0,0,0,0,0,0,0
20UB_26,UB26,20,UB,<50,0,2.5,0,0,0,0,0,0,0,0,0,5,0,2.5,2.5,0,0,0,0,1.25,0,50,12.5,0,0,0,0,0,0,0,0,0,0,0,0,0,0,0,0,0,0,0,0,0,0,2.5,7.5,0,0,0,0,2.5,0,0,0,0,0,0,0,0,0,0,0,5,0,0,15,0,0,0,0,0,0,0,0,0,0,0,0,22.5,5,0,2.5,0,0,2.5,0,0,0,0,0,0,0,0,0,0,0,0,0,0,0,0,0,0,0,0,0,0,0
20UBC_01,UBC1,20,UBC,c_unburned,0,0,0,0,0,0,0,0,0,0,0,0,0,0,0,0,15,0,1.25,1.25,0,0,0,0,0,0,0,0,2.5,0,0,0,0,0,0,0,0,0,0,0,7.5,0,0,0,0,0,0,0,0,0,0,0,0,0,0,0,0,0,0,0,0,0,0,0,0,0,0,0,0,0,0,0,0,0,0,0,0,0,0,0,0,0,0,0,0,0,7.5,0,0,0,0,0,0,0,0,0,0,0,0,0,0,0,0,0,0,0,55,0,0
20UBC_02,UBC2,20,UBC,c_unburned,0,5,0,0,0,0,0,0,0,0,0,0,0,0,0,0,2.5,0,45,23.75,0,12.5,0,0,0,0,0,0,0,0,0,0,0,0,0,0,0,0,0,2.5,0,0,0,0,0,0,0,0,0,0,0,0,0,0,0,0,0,0,0,0,0,0,0,0,0,0,2.5,0,0,0,0,0,0,0,0,0,0,0,0,5,0,0,0,0,0,2.5,0,0,0,0,0,7.5,0,0,0,0,0,0,0,0,0,0,0,2.5,0,0,31.25,0,0
20UBC_03,UBC3,20,UBC,c_unburned,0,0,0,0,0,0,0,0,0,0,0,0,5,0,0,0,10,0,7.5,0,0,0,0,0,0,0,0,0,0,0,0,0,0,0,0,0,0,0,0,2.5,0,0,0,0,0,0,0,0,0,0,0,0,0,0,0,0,0,0,0,0,0,0,0,0,0,0,0,0,0,0,0,0,0,0,0,0,0,0,2.5,0,0,0,0,0,0,0,17.5,0,0,0,0,0,0,0,0,5,0,0,0,0,0,0,0,0,0,0,31.25,0,0
20UBC_04,UBC4,20,UBC,c_unburned,2.5,0,0,0,0,0,0,0,2.5,0,0,0,0,0,0,0,0,0,10,7.5,0,0,0,0,5,0,0,0,0,0,0,0,0,0,0,0,0,0,0,0,0,0,2.5,0,0,0,0,0,0,0,0,0,0,0,7.5,2.5,0,0,0,0,0,0,0,0,0,0,0,0,2.5,0,0,0,0,0,0,0,0,0,0,0,0,0,0,0,0,0,15,0,5,0,0,0,0,0,0,0,0,0,0,0,0,0,0,0,0,0,58.75,0,0
20UBC_05,UBC5,20,UBC,c_unburned,0,0,0,2.5,0,0,0,0,2.5,0,0,2.5,0,2.5,0,0,0,0,1.25,0,0,15,0,0,0,0,0,0,0,0,0,0,0,2.5,0,7.5,0,0,0,0,2.5,0,0,0,0,0,0,0,0,0,0,2.5,0,0,0,0,0,0,0,0,0,0,0,5,0,0,0,0,0,0,0,0,0,0,0,0,0,0,0,15,0,0,2.5,0,0,0,5,0,0,0,0,0,0,0,0,0,0,0,0,0,0,2.5,0,0,0,0,1.25,0,0
20UBC_06,UBC6,20,UBC,c_unburned,0,0,0,0,0,0,0,0,0,0,0,0,0,0,0,0,0,0,18.75,21.25,0,0,0,0,0,0,0,0,0,0,0,0,0,0,0,0,0,0,0,0,0,0,0,0,0,0,0,0,0,0,0,0,0,0,0,0,0,0,0,0,0,0,0,0,0,0,0,0,0,0,0,0,0,0,0,0,0,2.5,5,0,0,0,2.5,0,0,0,7.5,0,5,0,0,0,0,0,0,2.5,0,0,0,0,0,0,0,0,0,0,12.5,0,0
20UBC_07,UBC7,20,UBC,c_unburned,0,0,0,0,0,0,0,0,12.5,0,0,0,0,0,0,0,0,0,6.25,10,0,7.5,0,0,0,0,0,0,0,0,0,0,0,10,0,0,0,0,0,0,2.5,0,0,0,0,0,0,0,0,0,0,0,0,0,17.5,0,0,0,0,0,0,0,0,0,0,0,0,0,0,0,0,0,0,0,0,0,0,0,0,5,0,0,0,0,0,0,17.5,0,0,0,0,0,0,0,0,0,0,0,0,0,0,0,0,0,0,0,33.75,0,0
20UBC_08,UBC8,20,UBC,c_unburned,0,0,0,0,0,0,0,0,0,0,0,0,0,0,0,0,0,0,0,0,0,0,0,0,0,0,0,0,0,0,0,0,0,2.5,0,0,0,0,0,0,0,0,0,0,0,0,0,0,0,0,0,0,0,0,0,0,0,0,0,0,5,0,0,0,0,0,0,0,0,0,0,0,0,0,0,0,0,0,2.5,7.5,0,0,0,0,0,0,10,0,0,0,0,0,0,0,0,0,0,0,0,0,0,0,0,0,0,0,3.75,0,0
20UBC_09,UBC9,20,UBC,c_unburned,7.5,2.5,0,0,0,0,0,2.5,2.5,0,0,2.5,0,0,0,0,0,0,8.75,2.5,0,5,0,0,0,0,0,0,0,0,0,0,0,15,0,0,0,0,2.5,2.5,2.5,0,0,0,0,0,0,0,0,0,0,0,0,0,0,2.5,0,0,0,0,0,0,0,0,0,0,0,0,0,0,0,0,0,0,0,0,0,0,0,2.5,0,0,0,0,0,0,17.5,7.5,0,0,0,0,0,0,0,0,0,0,0,0,0,0,0,0,0,0,11.25,0,0
20UBC_10,UBC10,20,UBC,c_unburned,2.5,2.5,0,0,0,0,0,0,0,0,0,0,0,2.5,0,0,0,0,0,0,0,2.5,0,0,0,0,0,0,0,0,0,0,0,5,0,0,0,0,0,0,0,0,2.5,0,0,0,0,0,0,0,0,0,0,0,0,0,0,0,0,0,0,0,0,0,0,0,0,0,5,0,0,0,0,0,0,0,0,0,0,0,2.5,0,0,0,0,0,2.5,7.5,0,0,0,0,0,0,0,7.5,0,0,0,0,0,0,0,0,2.5,0,16.25,0,0
20UBC_11,UBC11,20,UBC,c_unburned,5,0,0,0,0,0,0,0,0,0,0,0,0,0,0,0,0,0,16.25,5,0,0,0,0,0,0,0,0,0,0,0,0,0,7.5,0,0,0,0,0,0,2.5,0,0,0,0,0,0,0,0,0,0,0,0,0,0,0,0,0,0,0,0,0,0,0,0,2.5,0,0,0,0,0,0,0,0,0,0,0,2.5,2.5,7.5,0,2.5,2.5,0,0,0,17.5,10,0,0,0,0,0,0,0,5,0,0,0,0,0,0,0,0,0,0,47.5,0,0
